time,open,high,low,close,Chars,Chars,Chars,Chars,Chars,Chars
1775062140,24320.25,24326,24319.5,24323.75,0,0,0,0,0,0
1775062200,24325,24330.75,24325,24326.75,0,0,0,0,0,0
1775062260,24326.75,24329,24321.5,24325,0,0,0,0,0,0
1775062320,24324.75,24326.5,24321,24322.5,0,0,0,0,0,0
1775062380,24321.75,24327.25,24321.75,24324.75,0,0,0,0,0,0
1775062440,24324,24328.75,24324,24326,0,0,0,0,0,0
1775062500,24325.25,24325.5,24316.75,24318.25,0,0,0,0,0,0
1775062560,24317.75,24326,24317.25,24324,0,0,0,0,0,0
1775062620,24324.5,24328.5,24323.75,24325.75,0,0,0,0,0,0
1775062680,24326.25,24328.5,24322.75,24324,0,0,0,0,0,0
1775062740,24324.25,24324.25,24318.75,24318.75,0,0,0,0,0,0
1775062800,24319.75,24321.75,24314.25,24319.5,0,0,0,0,0,0
1775062860,24319.75,24325,24317.75,24319.5,0,0,0,0,0,0
1775062920,24320,24325.5,24319.25,24324.25,0,0,0,0,0,0
1775062980,24324,24339.75,24323.75,24338.25,0,0,0,0,0,0
1775063040,24338.5,24348.25,24334.25,24341.25,0,0,0,0,0,0
1775063100,24341.25,24344.5,24339,24342.5,0,0,0,0,0,0
1775063160,24342.75,24348,24338.75,24340.75,0,0,0,0,0,0
1775063220,24340.25,24345.25,24337.5,24343.75,0,0,0,0,0,0
1775063280,24343.75,24345.75,24338.75,24341.75,0,0,0,0,0,0
1775063340,24341.25,24342.75,24335.75,24338.25,0,0,0,0,0,0
1775063400,24338.5,24345.25,24338,24342.5,0,0,0,0,0,0
1775063460,24343,24344,24336.75,24339,0,0,0,0,0,0
1775063520,24338.75,24341.75,24335.75,24337.75,0,0,0,0,0,0
1775063580,24337.75,24341.5,24335,24338.25,0,0,0,0,0,0
1775063640,24338.5,24343,24338,24342,0,0,0,0,0,0
1775063700,24342,24346.75,24342,24343.5,0,0,0,0,0,0
1775063760,24343,24345,24338.75,24340,0,0,0,0,0,0
1775063820,24339.75,24343.5,24337.25,24342,0,0,0,0,0,0
1775063880,24341.75,24342.25,24336.75,24338.75,0,0,0,0,0,0
1775063940,24338.5,24340.25,24335.25,24339,0,0,0,0,0,0
1775064000,24338.5,24345.5,24338.25,24341.25,0,0,0,0,0,0
1775064060,24340.75,24345.75,24338.5,24343,0,0,0,0,0,0
1775064120,24343,24345,24336.25,24338.25,0,0,0,0,0,0
1775064180,24338.25,24339.5,24330.25,24336.5,0,0,0,0,0,0
1775064240,24336.5,24341.75,24333.25,24338.5,0,0,0,0,0,0
1775064300,24338.75,24339,24335.5,24339,0,0,0,0,0,0
1775064360,24339,24340,24334.25,24334.5,0,0,0,0,0,0
1775064420,24334.75,24336,24329,24336,0,0,0,0,0,0
1775064480,24335.5,24338.25,24334,24335.5,0,0,0,0,0,0
1775064540,24335,24335.25,24330.5,24331.5,0,0,0,0,0,0
1775064600,24331.5,24341,24327.25,24331.75,0,0,0,0,0,0
1775064660,24331.75,24338.25,24331.5,24337.75,0,0,0,0,0,0
1775064720,24337.5,24337.5,24324,24325.25,0,0,0,0,0,0
1775064780,24325.25,24325.75,24318.5,24319.5,0,0,0,0,0,0
1775064840,24319,24322.25,24306,24307.5,0,0,0,0,0,0
1775064900,24307.5,24312.75,24306.5,24310,0,0,0,0,0,0
1775064960,24310.5,24321.25,24310.5,24315,0,0,0,0,0,0
1775065020,24314.5,24315.5,24308.25,24313.5,0,0,0,0,0,0
1775065080,24313.75,24320,24312.75,24319.25,0,0,0,0,0,0
1775065140,24318.5,24329,24317,24321.25,0,0,0,0,0,0
1775065200,24320.5,24329.25,24319.5,24321,0,0,0,0,0,0
1775065260,24321.25,24326,24318.25,24320.25,0,0,0,0,0,0
1775065320,24319.75,24326,24317.5,24321,0,0,0,0,0,0
1775065380,24321.25,24321.5,24307.75,24308.5,0,0,0,0,0,0
1775065440,24308.5,24311.75,24304.5,24311.25,0,0,0,0,0,0
1775065500,24310.75,24315.75,24309.25,24311,0,0,0,0,0,0
1775065560,24310.25,24315.5,24306,24308,0,0,0,0,0,0
1775065620,24308.25,24314,24305.75,24311,0,0,0,0,0,0
1775065680,24311.75,24313.5,24306.5,24306.75,0,0,0,0,0,0
1775065740,24307,24308,24299.5,24304.25,0,0,0,0,0,0
1775065800,24303.75,24309.25,24297.25,24303.5,0,0,0,0,0,0
1775065860,24303,24309.5,24298.25,24299.25,0,0,0,0,0,0
1775065920,24299.75,24301.75,24293.25,24300.25,0,0,0,0,0,0
1775065980,24300,24303,24295.75,24296.75,0,0,0,0,0,0
1775066040,24296.25,24304,24295.5,24298.25,0,0,0,0,0,0
1775066100,24298.25,24302.75,24298,24300.25,0,0,0,0,0,0
1775066160,24300.25,24300.75,24286.5,24294.25,0,0,0,0,0,0
1775066220,24294.25,24294.5,24279.75,24280.75,0,0,0,0,0,0
1775066280,24280.5,24283.5,24265.75,24268.25,0,0,0,0,0,0
1775066340,24268.25,24275.75,24265.5,24266.75,0,0,0,0,0,0
1775066400,24266.75,24273.5,24254.25,24255.75,0,0,0,0,0,0
1775066460,24257,24265.25,24248.75,24251.25,0,0,0,0,0,0
1775066520,24251,24252.75,24226.25,24236,0,0,0,0,0,0
1775066580,24236.5,24239,24222,24223.5,0,0,0,0,0,0
1775066640,24223.5,24236,24215.25,24229.5,0,0,0,0,0,0
1775066700,24229,24246.75,24227,24239,0,0,0,0,0,0
1775066760,24239.5,24243,24230.5,24232.25,0,0,0,0,0,0
1775066820,24232.75,24240.5,24226,24229.75,0,0,0,0,0,0
1775066880,24230,24235.5,24225.75,24226.25,0,0,0,0,0,0
1775066940,24225.5,24237.25,24222.75,24233.5,0,0,0,0,0,0
1775067000,24233.75,24243.5,24232,24235.25,0,0,0,0,0,0
1775067060,24235.5,24247.25,24233,24239.25,0,0,0,0,0,0
1775067120,24239,24241.5,24232.75,24236,0,0,0,0,0,0
1775067180,24234.5,24234.5,24225.5,24226.5,0,0,0,0,0,0
1775067240,24226.25,24234,24225,24227,0,0,0,0,0,0
1775067300,24227,24227,24214.25,24218.75,0,0,0,0,0,0
1775067360,24219.5,24220.75,24202,24206.75,0,0,0,0,0,0
1775067420,24208,24209.75,24193.5,24197.25,0,0,0,0,0,0
1775067480,24197.5,24197.5,24181.75,24185,0,0,0,0,0,0
1775067540,24184.5,24189.25,24172.75,24187.5,0,0,0,0,0,0
1775067600,24188,24197,24172.5,24174.5,0,0,0,0,0,0
1775067660,24175.25,24177.75,24167.75,24168.75,0,0,0,0,0,0
1775067720,24168.75,24183,24168.5,24173.5,0,0,0,0,0,0
1775067780,24173.5,24178.5,24163.75,24167.75,0,0,0,0,0,0
1775067840,24167,24169.5,24141.25,24151.75,0,0,0,0,0,0
1775067900,24152.5,24159.5,24140.5,24157.5,0,0,0,0,0,0
1775067960,24158.25,24177,24156.75,24167.5,0,0,0,0,0,0
1775068020,24167.5,24181.5,24164.5,24164.75,0,0,0,0,0,0
1775068080,24164.75,24174.25,24159.25,24160.5,0,0,0,0,0,0
1775068140,24161.25,24161.5,24151.25,24154,0,0,0,0,0,0
1775068200,24154,24159.25,24147,24156,0,0,0,0,0,0
1775068260,24155.5,24158.5,24146.75,24152.25,0,0,0,0,0,0
1775068320,24153.25,24162.75,24143,24147.75,0,0,0,0,0,0
1775068380,24147.75,24150.25,24136.75,24144.5,0,0,0,0,0,0
1775068440,24145,24145.5,24136.25,24143.75,0,0,0,0,0,0
1775068500,24143.25,24145,24126.75,24130.75,0,0,0,0,0,0
1775068560,24131.25,24142,24124.5,24140.75,0,0,0,0,0,0
1775068620,24141.25,24147.75,24127.25,24128.25,0,0,0,0,0,0
1775068680,24128.5,24141.5,24127,24137.25,0,0,0,0,0,0
1775068740,24138,24173.5,24138,24162,0,0,0,0,0,0
1775068800,24161.75,24191.25,24160.5,24183.5,0,0,0,0,0,0
1775068860,24184.5,24204.75,24181.5,24193.25,0,0,0,0,0,0
1775068920,24193,24199.25,24190,24192.5,0,0,0,0,0,0
1775068980,24193.5,24193.5,24178,24187.75,0,0,0,0,0,0
1775069040,24187.75,24187.75,24175,24180.5,0,0,0,0,0,0
1775069100,24180,24186.25,24168.5,24169.25,0,0,0,0,0,0
1775069160,24169.75,24171.25,24156.5,24160.25,0,0,0,0,0,0
1775069220,24160.25,24179,24160.25,24178,0,0,0,0,0,0
1775069280,24176.75,24184.5,24168,24168.5,0,0,0,0,0,0
1775069340,24168.5,24172.5,24162.5,24169.75,0,0,0,0,0,0
1775069400,24169,24173.5,24157.5,24161.25,0,0,0,0,0,0
1775069460,24160.75,24160.75,24147.25,24156.75,0,0,0,0,0,0
1775069520,24157,24159.75,24153.25,24157.75,0,0,0,0,0,0
1775069580,24157,24173.75,24155,24164.25,0,0,0,0,0,0
1775069640,24165.25,24173,24164.75,24167.25,0,0,0,0,0,0
1775069700,24167,24168.5,24153,24158.25,0,0,0,0,0,0
1775069760,24159,24168.5,24152.75,24161.75,0,0,0,0,0,0
1775069820,24160.5,24166.25,24152.75,24163.75,0,0,0,0,0,0
1775069880,24163.25,24163.25,24150.75,24159.5,0,0,0,0,0,0
1775069940,24160.25,24163.25,24154.75,24159,0,0,0,0,0,0
1775070000,24159,24175.25,24153.75,24170.5,0,0,0,0,0,0
1775070060,24170.25,24183.5,24170,24174.75,0,0,0,0,0,0
1775070120,24175.25,24187.75,24173.5,24173.75,0,0,0,0,0,0
1775070180,24173.5,24174.5,24165.5,24173.25,0,0,0,0,0,0
1775070240,24172.75,24178.75,24170.75,24174.25,0,0,0,0,0,0
1775070300,24174.25,24191.75,24173.25,24190,0,0,0,0,0,0
1775070360,24189.25,24199.75,24183.75,24190.25,0,0,0,0,0,0
1775070420,24190,24197.5,24187.25,24195.5,0,0,0,0,0,0
1775070480,24195,24202,24186.75,24190.25,0,0,0,0,0,0
1775070540,24190,24197.5,24188.25,24193.75,0,0,0,0,0,0
1775070600,24193.75,24194,24179.25,24188.25,0,0,0,0,0,0
1775070660,24187.25,24190.5,24173.5,24176.75,0,0,0,0,0,0
1775070720,24176.75,24189.25,24176.5,24184,0,0,0,0,0,0
1775070780,24183.5,24197.25,24183.5,24196,0,0,0,0,0,0
1775070840,24195.75,24200,24191,24193,0,0,0,0,0,0
1775070900,24193,24203,24191.5,24197.25,0,0,0,0,0,0
1775070960,24196.75,24202.5,24190.5,24194,0,0,0,0,0,0
1775071020,24193.5,24194.5,24182,24189.5,0,0,0,0,0,0
1775071080,24189.5,24204.75,24186.75,24197.75,0,0,0,0,0,0
1775071140,24198,24213,24197.25,24210.75,0,0,0,0,0,0
1775071200,24211.5,24219.25,24209,24214.25,0,0,0,0,0,0
1775071260,24214.5,24219.75,24199.75,24201.75,0,0,0,0,0,0
1775071320,24203,24213.25,24203,24210.25,0,0,0,0,0,0
1775071380,24210,24217.25,24209,24214.75,0,0,0,0,0,0
1775071440,24214.75,24221,24213.75,24217.25,0,0,0,0,0,0
1775071500,24217.25,24237.75,24216.25,24233.25,0,0,0,0,0,0
1775071560,24234,24242.75,24232.25,24240.75,0,0,0,0,0,0
1775071620,24241.5,24245.75,24238.25,24241,0,0,0,0,0,0
1775071680,24241,24242.5,24235.25,24237.5,0,0,0,0,0,0
1775071740,24237.25,24237.75,24230.75,24233.75,0,0,0,0,0,0
1775071800,24234,24243,24229.5,24239,0,0,0,0,0,0
1775071860,24239,24242.75,24233.25,24234.5,0,0,0,0,0,0
1775071920,24234.75,24237.5,24218.75,24218.75,0,0,0,0,0,0
1775071980,24219,24219.5,24208.25,24213.5,0,0,0,0,0,0
1775072040,24213.25,24221.5,24208.5,24220.25,0,0,0,0,0,0
1775072100,24220,24224,24202,24206.75,0,0,0,0,0,0
1775072160,24206.25,24223.75,24204.75,24220.75,0,0,0,0,0,0
1775072220,24220.5,24232.5,24216,24230,0,0,0,0,0,0
1775072280,24230,24231.75,24216,24224.5,0,0,0,0,0,0
1775072340,24224,24234,24223.5,24228.25,0,0,0,0,0,0
1775072400,24228.75,24241,24226.25,24238.75,0,0,0,0,0,0
1775072460,24238.75,24255.75,24235,24241.75,0,0,0,0,0,0
1775072520,24241.5,24247.25,24235.5,24236,0,0,0,0,0,0
1775072580,24235.5,24240,24234.25,24238.5,0,0,0,0,0,0
1775072640,24238.25,24239.75,24227,24229.5,0,0,0,0,0,0
1775072700,24228.75,24240.75,24226.5,24235.25,0,0,0,0,0,0
1775072760,24235.25,24241.5,24222.75,24228,0,0,0,0,0,0
1775072820,24227.25,24237.25,24227,24229.25,0,0,0,0,0,0
1775072880,24228.5,24243.5,24227,24240.75,0,0,0,0,0,0
1775072940,24240.25,24241.5,24231.75,24235,0,0,0,0,0,0
1775073000,24234.25,24240.75,24206.75,24209.75,0,0,0,0,0,0
1775073060,24209,24216.75,24200.75,24211,0,0,0,0,0,0
1775073120,24211.5,24220.75,24201.5,24204.5,0,0,0,0,0,0
1775073180,24205,24207.5,24192.25,24202.5,0,0,0,0,0,0
1775073240,24202.75,24216.75,24198.5,24205.5,0,0,0,0,0,0
1775073300,24205.25,24207.5,24187,24192.5,0,0,0,0,0,0
1775073360,24193,24208,24189.5,24197,0,0,0,0,0,0
1775073420,24197,24203,24191.5,24201.5,0,0,0,0,0,0
1775073480,24201.5,24210.5,24200.25,24204.5,0,0,0,0,0,0
1775073540,24204.5,24213.5,24171.5,24200.75,0,0,0,0,0,0
1775073600,24201,24215.75,24199.75,24202.5,0,0,0,0,0,0
1775073660,24202.5,24204.75,24180.25,24187.5,0,0,0,0,0,0
1775073720,24187.25,24192.75,24185.25,24188.5,0,0,0,0,0,0
1775073780,24189,24194,24185.25,24186.5,0,0,0,0,0,0
1775073840,24185.75,24187.75,24183.5,24186,0,0,0,0,0,0
1775073900,24186,24190.25,24184,24187.25,0,0,0,0,0,0
1775073960,24187.25,24195.75,24186.25,24192.75,0,0,0,0,0,0
1775074020,24193.25,24199.5,24192.25,24198.25,0,0,0,0,0,0
1775074080,24197.75,24198,24193,24195,0,0,0,0,0,0
1775074140,24194.75,24195,24189,24192,0,0,0,0,0,0
1775074200,24192,24204.75,24191,24202.5,0,0,0,0,0,0
1775074260,24202.25,24203.5,24188.75,24194.5,0,0,0,0,0,0
1775074320,24194.5,24203.5,24194.5,24202.75,0,0,0,0,0,0
1775074380,24203.25,24204.5,24199.75,24201.75,0,0,0,0,0,0
1775074440,24201.75,24204.75,24199,24204.25,0,0,0,0,0,0
1775074500,24204.75,24204.75,24193.75,24194.25,0,0,0,0,0,0
1775074560,24194.25,24200.5,24192,24200.5,0,0,0,0,0,0
1775074620,24201,24205.75,24199.75,24204,0,0,0,0,0,0
1775074680,24204.75,24206,24201.5,24204,0,0,0,0,0,0
1775074740,24204.25,24205.25,24201.75,24203.5,0,0,0,0,0,0
1775074800,24203.75,24203.75,24195,24196,0,0,0,0,0,0
1775074860,24196.5,24198.25,24194.75,24196.25,0,0,0,0,0,0
1775074920,24196.5,24201.5,24196.5,24200.25,0,0,0,0,0,0
1775074980,24200,24200.75,24197,24197,0,0,0,0,0,0
1775075040,24196.75,24196.75,24189.5,24191.25,0,0,0,0,0,0
1775075100,24191.5,24191.5,24182.75,24184.5,0,0,0,0,0,0
1775075160,24185,24186.25,24181.75,24184,0,0,0,0,0,0
1775075220,24183.75,24184.75,24177.75,24182,0,0,0,0,0,0
1775075280,24181.75,24183,24177.75,24177.75,0,0,0,0,0,0
1775075340,24178.5,24181.75,24176.5,24180,0,0,0,0,0,0
1775075400,24181.25,24185.5,24180.75,24184.5,0,0,0,0,0,0
1775075460,24185,24185,24177.25,24179.5,0,0,0,0,0,0
1775075520,24179,24182.75,24178.75,24182.75,0,0,0,0,0,0
1775075580,24182.75,24187.75,24182.5,24184.75,0,0,0,0,0,0
1775075640,24184.25,24190,24184.25,24187.75,0,0,0,0,0,0
1775075700,24188,24189.75,24186.75,24189.75,0,0,0,0,0,0
1775075760,24189.75,24194.75,24188,24193.25,0,0,0,0,0,0
1775075820,24193,24193.5,24190.5,24193,0,0,0,0,0,0
1775075880,24192.75,24193.5,24192,24192.75,0,0,0,0,0,0
1775075940,24193,24196.75,24192,24194.5,0,0,0,0,0,0
1775076000,24194.25,24195.75,24193,24195,0,0,0,0,0,0
1775076060,24193,24194.25,24191.5,24191.75,0,0,0,0,0,0
1775076120,24192.25,24192.5,24189.25,24190.75,0,0,0,0,0,0
1775076180,24190.75,24193,24189.25,24191.5,0,0,0,0,0,0
1775076240,24191.25,24191.25,24188.75,24190,0,0,0,0,0,0
1775076300,24189.5,24192.5,24188,24192,0,0,0,0,0,0
1775076360,24192,24194.25,24189.5,24190.75,0,0,0,0,0,0
1775076420,24191.75,24193.75,24191,24191.75,0,0,0,0,0,0
1775076480,24191.5,24193.25,24190,24192,0,0,0,0,0,0
1775076540,24192,24195.5,24189,24195.5,0,0,0,0,0,0
1775076600,24194.25,24199,24193.25,24195.25,0,0,0,0,0,0
1775076660,24194.75,24195.25,24190.75,24193.5,0,0,0,0,0,0
1775076720,24193.25,24197.25,24193,24195.25,0,0,0,0,0,0
1775076780,24195,24197.25,24191.5,24194.25,0,0,0,0,0,0
1775076840,24195.75,24200.75,24195.75,24198.25,0,0,0,0,0,0
1775076900,24198.5,24202.5,24197.5,24197.75,0,0,0,0,0,0
1775076960,24198.5,24199.75,24195.5,24196.5,0,0,0,0,0,0
1775077020,24196.25,24197,24193,24194.25,0,0,0,0,0,0
1775077080,24195.25,24195.25,24190.5,24191.5,0,0,0,0,0,0
1775077140,24190.75,24193,24185,24187.25,0,0,0,0,0,0
1775080800,24180,24188,24174,24175.5,0,0,0,0,0,0
1775080860,24177,24187.25,24176.75,24185.75,0,0,0,0,0,0
1775080920,24182.5,24190.25,24181,24186.75,0,0,0,0,0,0
1775080980,24185.25,24191.75,24181.25,24190,0,0,0,0,0,0
1775081040,24189.25,24206,24188,24198.5,0,0,0,0,0,0
1775081100,24198.5,24199.75,24190.5,24193,0,0,0,0,0,0
1775081160,24193,24193.25,24182.25,24183,0,0,0,0,0,0
1775081220,24182.25,24187,24182.25,24182.25,0,0,0,0,0,0
1775081280,24183.75,24194,24183.25,24191.25,0,0,0,0,0,0
1775081340,24190,24195.75,24187.75,24193.25,0,0,0,0,0,0
1775081400,24195,24196.25,24186.25,24186.25,0,0,0,0,0,0
1775081460,24188.25,24188.25,24179.75,24182.25,0,0,0,0,0,0
1775081520,24182.25,24182.5,24177,24180.75,0,0,0,0,0,0
1775081580,24181.5,24182.5,24173,24179.75,0,0,0,0,0,0
1775081640,24179,24190.25,24175,24186.25,0,0,0,0,0,0
1775081700,24186.5,24188,24175.75,24180.5,0,0,0,0,0,0
1775081760,24179.25,24187,24177.5,24184.5,0,0,0,0,0,0
1775081820,24185.75,24188.75,24183.75,24185.75,0,0,0,0,0,0
1775081880,24185.25,24185.75,24181.5,24181.5,0,0,0,0,0,0
1775081940,24180.5,24183.75,24177.5,24179,0,0,0,0,0,0
1775082000,24178,24179,24167.5,24178,0,0,0,0,0,0
1775082060,24178.25,24182,24178.25,24180.75,0,0,0,0,0,0
1775082120,24182,24190.5,24181,24190.25,0,0,0,0,0,0
1775082180,24189.5,24197.75,24188.75,24191,0,0,0,0,0,0
1775082240,24190.75,24191.25,24183.75,24186.25,0,0,0,0,0,0
1775082300,24185,24190,24183.75,24189,0,0,0,0,0,0
1775082360,24188,24189.5,24186,24186.25,0,0,0,0,0,0
1775082420,24186.25,24191.25,24186.25,24190,0,0,0,0,0,0
1775082480,24189.75,24189.75,24180.25,24187.25,0,0,0,0,0,0
1775082540,24187.75,24194.75,24187.5,24194.5,0,0,0,0,0,0
1775082600,24193.25,24193.75,24185.75,24187.5,0,0,0,0,0,0
1775082660,24189.75,24190.75,24183,24183,0,0,0,0,0,0
1775082720,24184,24186.5,24183.5,24183.75,0,0,0,0,0,0
1775082780,24183,24188.25,24181.5,24187.25,0,0,0,0,0,0
1775082840,24187.25,24192.5,24185.5,24191.75,0,0,0,0,0,0
1775082900,24191.25,24195.75,24189,24193.5,0,0,0,0,0,0
1775082960,24193.5,24194.25,24187.25,24193.25,0,0,0,0,0,0
1775083020,24191.25,24192,24189.25,24189.25,0,0,0,0,0,0
1775083080,24191.5,24192.75,24189.5,24192.75,0,0,0,0,0,0
1775083140,24191.5,24193.25,24191.25,24193.25,0,0,0,0,0,0
1775083200,24193.25,24200,24193.25,24195.75,0,0,0,0,0,0
1775083260,24195.5,24198.5,24191.75,24197.75,0,0,0,0,0,0
1775083320,24196.5,24201.75,24193.5,24194.25,0,0,0,0,0,0
1775083380,24194.5,24198.25,24194,24196.5,0,0,0,0,0,0
1775083440,24197.25,24199,24193.25,24195.5,0,0,0,0,0,0
1775083500,24195.75,24195.75,24188.25,24189.5,0,0,0,0,0,0
1775083560,24193.5,24194.5,24188.5,24191.5,0,0,0,0,0,0
1775083620,24189.75,24194.75,24184.5,24192.75,0,0,0,0,0,0
1775083680,24193.5,24194.5,24192.75,24192.75,0,0,0,0,0,0
1775083740,24196.75,24196.75,24184.75,24185,0,0,0,0,0,0
1775083800,24185.5,24186.5,24181.5,24181.75,0,0,0,0,0,0
1775083860,24182.25,24182.5,24160.75,24164.25,0,0,0,0,0,0
1775083920,24164.75,24173.25,24158,24165,0,0,0,0,0,0
1775083980,24166.25,24167.5,24160.25,24162.5,0,0,0,0,0,0
1775084040,24163.75,24164.5,24159,24164.5,0,0,0,0,0,0
1775084100,24163.25,24166.5,24160.5,24162,0,0,0,0,0,0
1775084160,24161.75,24164.75,24159,24163.75,0,0,0,0,0,0
1775084220,24165,24168,24162,24167.5,0,0,0,0,0,0
1775084280,24166.5,24176.25,24162.5,24174,0,0,0,0,0,0
1775084340,24175,24175.5,24169.25,24170.5,0,0,0,0,0,0
1775084400,24170.5,24173,24163.5,24167,0,0,0,0,0,0
1775084460,24168,24172.5,24166,24169,0,0,0,0,0,0
1775084520,24170.5,24173.75,24169,24170.5,0,0,0,0,0,0
1775084580,24171.5,24172.25,24170.25,24171.25,0,0,0,0,0,0
1775084640,24172,24175,24172,24175,0,0,0,0,0,0
1775084700,24174.25,24180,24173.75,24179.5,0,0,0,0,0,0
1775084760,24177.75,24178.5,24174.75,24177.25,0,0,0,0,0,0
1775084820,24177.5,24179.5,24174,24176.75,0,0,0,0,0,0
1775084880,24178.5,24190.75,24177.5,24190.75,0,0,0,0,0,0
1775084940,24189.5,24190,24183.5,24188,0,0,0,0,0,0
1775085000,24188,24193.5,24185.75,24186,0,0,0,0,0,0
1775085060,24186,24189.5,24181.75,24186.75,0,0,0,0,0,0
1775085120,24187.25,24188.25,24180.25,24186.5,0,0,0,0,0,0
1775085180,24187.5,24189,24185.75,24187.5,0,0,0,0,0,0
1775085240,24189.25,24203.75,24188,24199.5,0,0,0,0,0,0
1775085300,24200.5,24203,24194.75,24201.5,0,0,0,0,0,0
1775085360,24201.5,24201.5,24196.75,24199.75,0,0,0,0,0,0
1775085420,24200.75,24201,24196.5,24197.25,0,0,0,0,0,0
1775085480,24198.75,24199.25,24196,24198.75,0,0,0,0,0,0
1775085540,24199,24199.75,24191,24191,0,0,0,0,0,0
1775085600,24191.75,24194.25,24188,24189.75,0,0,0,0,0,0
1775085660,24191.25,24196.75,24191.25,24193.5,0,0,0,0,0,0
1775085720,24194,24198.5,24193.5,24195.75,0,0,0,0,0,0
1775085780,24195.5,24201,24195,24198.75,0,0,0,0,0,0
1775085840,24198.5,24201.25,24196.5,24198.5,0,0,0,0,0,0
1775085900,24197.25,24199.25,24194,24196.75,0,0,0,0,0,0
1775085960,24196.75,24199.75,24196.75,24199,0,0,0,0,0,0
1775086020,24198.5,24199,24197,24197.25,0,0,0,0,0,0
1775086080,24196,24196.75,24192.25,24194,0,0,0,0,0,0
1775086140,24194.75,24202.75,24194.75,24201.5,0,0,0,0,0,0
1775086200,24198.5,24200.5,24197.25,24200.5,0,0,0,0,0,0
1775086260,24200.5,24200.5,24194.25,24199.75,0,0,0,0,0,0
1775086320,24198,24198,24190.75,24194.25,0,0,0,0,0,0
1775086380,24194,24196.5,24192,24194.75,0,0,0,0,0,0
1775086440,24193,24195,24192.75,24194.75,0,0,0,0,0,0
1775086500,24194,24194,24186.25,24187.25,0,0,0,0,0,0
1775086560,24186.75,24194.75,24186.25,24194.75,0,0,0,0,0,0
1775086620,24192.25,24195.75,24190,24190,0,0,0,0,0,0
1775086680,24191.25,24191.25,24184.25,24188.75,0,0,0,0,0,0
1775086740,24189.25,24192.5,24188.75,24190,0,0,0,0,0,0
1775086800,24190,24190.75,24186.25,24190.75,0,0,0,0,0,0
1775086860,24191.25,24193.5,24187.75,24192.25,0,0,0,0,0,0
1775086920,24192.5,24192.5,24184.5,24188,0,0,0,0,0,0
1775086980,24188.25,24189,24185.25,24188,0,0,0,0,0,0
1775087040,24187.75,24194.25,24186.75,24193.75,0,0,0,0,0,0
1775087100,24194.5,24197,24189,24192.25,0,0,0,0,0,0
1775087160,24194,24197,24192.75,24195,0,0,0,0,0,0
1775087220,24196.25,24200,24194,24196.5,0,0,0,0,0,0
1775087280,24195.5,24196,24192.75,24196,0,0,0,0,0,0
1775087340,24194.5,24195,24191.5,24192.75,0,0,0,0,0,0
1775087400,24194.25,24196.25,24171.75,24173.5,0,0,0,0,0,0
1775087460,24175.75,24188,24159.25,24186.5,0,0,0,0,0,0
1775087520,24187.75,24197.5,24181.75,24185.25,0,0,0,0,0,0
1775087580,24184.75,24194.25,24184.75,24192.5,0,0,0,0,0,0
1775087640,24192.25,24193.25,24189.75,24189.75,0,0,0,0,0,0
1775087700,24189.75,24189.75,24183,24183,0,0,0,0,0,0
1775087760,24184.5,24191.75,24181.75,24188.25,0,0,0,0,0,0
1775087820,24189,24191.5,24182,24182.75,0,0,0,0,0,0
1775087880,24184.5,24189,24184.5,24189,0,0,0,0,0,0
1775087940,24187.75,24187.75,24180,24183.5,0,0,0,0,0,0
1775088000,24183,24185,24167.25,24173.75,0,0,0,0,0,0
1775088060,24173.5,24180.25,24168,24175.5,0,0,0,0,0,0
1775088120,24175,24179.5,24162,24169.25,0,0,0,0,0,0
1775088180,24167.5,24169,24159.25,24165,0,0,0,0,0,0
1775088240,24166.5,24179,24164.75,24168.25,0,0,0,0,0,0
1775088300,24169,24178.25,24166,24178.25,0,0,0,0,0,0
1775088360,24175,24177.5,24168.5,24170.5,0,0,0,0,0,0
1775088420,24172.25,24172.25,24160.5,24164.75,0,0,0,0,0,0
1775088480,24165,24167.25,24161.25,24164.25,0,0,0,0,0,0
1775088540,24164,24173.75,24162.75,24171.75,0,0,0,0,0,0
1775088600,24171.75,24179.75,24170.25,24173,0,0,0,0,0,0
1775088660,24170.75,24175.25,24160.5,24164,0,0,0,0,0,0
1775088720,24167,24167,24156.75,24159.25,0,0,0,0,0,0
1775088780,24162,24170.75,24160.5,24166.25,0,0,0,0,0,0
1775088840,24166.5,24168.75,24161,24168.75,0,0,0,0,0,0
1775088900,24169,24172,24160,24166.75,0,0,0,0,0,0
1775088960,24165.5,24186.75,24165.5,24185.25,0,0,0,0,0,0
1775089020,24183.75,24185.25,24169,24169,0,0,0,0,0,0
1775089080,24168,24177.5,24167.5,24172.25,0,0,0,0,0,0
1775089140,24172.75,24175.75,24167.25,24172.25,0,0,0,0,0,0
1775089200,24173,24182.25,24170.25,24179.25,0,0,0,0,0,0
1775089260,24179.75,24180.75,24168,24168.5,0,0,0,0,0,0
1775089320,24167,24170.5,24161,24168.5,0,0,0,0,0,0
1775089380,24167.25,24174.75,24167.25,24170.25,0,0,0,0,0,0
1775089440,24171,24175,24165.75,24166.25,0,0,0,0,0,0
1775089500,24167.25,24174,24163.75,24169.75,0,0,0,0,0,0
1775089560,24169.25,24175,24160,24164,0,0,0,0,0,0
1775089620,24163.25,24167.25,24158.25,24165,0,0,0,0,0,0
1775089680,24164.75,24172.5,24164.25,24167,0,0,0,0,0,0
1775089740,24166.25,24169.25,24163.5,24163.5,0,0,0,0,0,0
1775089800,24164.5,24169.75,24161.5,24167.25,0,0,0,0,0,0
1775089860,24167.75,24167.75,24154.5,24160.75,0,0,0,0,0,0
1775089920,24159.25,24167.25,24158.25,24163.25,0,0,0,0,0,0
1775089980,24164.5,24182.75,24164.5,24181.5,0,0,0,0,0,0
1775090040,24182.25,24182.25,24167,24177,0,0,0,0,0,0
1775090100,24174.75,24179,24172.75,24179,0,0,0,0,0,0
1775090160,24179.25,24185,24173.25,24173.25,0,0,0,0,0,0
1775090220,24174.75,24183.5,24171.5,24181,0,0,0,0,0,0
1775090280,24179.75,24179.75,24162,24167.5,0,0,0,0,0,0
1775090340,24168.75,24179.25,24168,24178.5,0,0,0,0,0,0
1775090400,24178.5,24192.25,24174.25,24188.5,0,0,0,0,0,0
1775090460,24187.75,24210,24183.75,24201.5,0,0,0,0,0,0
1775090520,24202.25,24216,24197,24213.75,0,0,0,0,0,0
1775090580,24214,24219.5,24205.75,24218.25,0,0,0,0,0,0
1775090640,24218.5,24229.75,24218.5,24225,0,0,0,0,0,0
1775090700,24225.75,24228.5,24213.5,24218,0,0,0,0,0,0
1775090760,24217.25,24229.5,24217.25,24224.75,0,0,0,0,0,0
1775090820,24224.5,24229.75,24221.25,24221.75,0,0,0,0,0,0
1775090880,24221,24224.5,24214.75,24217,0,0,0,0,0,0
1775090940,24218.75,24226,24217,24220.5,0,0,0,0,0,0
1775091000,24221,24224.5,24216,24218.25,0,0,0,0,0,0
1775091060,24218.75,24219.5,24210,24212.25,0,0,0,0,0,0
1775091120,24213.25,24215.5,24208.25,24209.75,0,0,0,0,0,0
1775091180,24209.25,24227.5,24208.75,24225.25,0,0,0,0,0,0
1775091240,24225.5,24227.75,24212.75,24219,0,0,0,0,0,0
1775091300,24218.5,24222,24207.5,24208,0,0,0,0,0,0
1775091360,24208.5,24218.75,24207.75,24215.5,0,0,0,0,0,0
1775091420,24216,24225.75,24216,24224.5,0,0,0,0,0,0
1775091480,24225.25,24243.25,24225.25,24239,0,0,0,0,0,0
1775091540,24238.5,24245.75,24226.75,24236.25,0,0,0,0,0,0
1775091600,24236,24240,24183,24197.75,0,0,0,0,0,0
1775091660,24196.5,24207.75,24192.25,24202.5,0,0,0,0,0,0
1775091720,24205.25,24211.75,24182,24191,0,0,0,0,0,0
1775091780,24190.75,24197.75,24111.5,24132.5,0,0,0,0,0,0
1775091840,24138,24177,24138,24149.75,0,0,0,0,0,0
1775091900,24152.25,24152.25,24086,24112.75,0,0,0,0,0,0
1775091960,24110.75,24121.5,24084.5,24088.75,0,0,0,0,0,0
1775092020,24091.75,24124.25,24083.75,24094.75,0,0,0,0,0,0
1775092080,24096.75,24137.5,24090.25,24129.75,0,0,0,0,0,0
1775092140,24126.75,24151.25,24124,24142.25,0,0,0,0,0,0
1775092200,24144,24196.5,24133.25,24188.25,0,0,0,0,0,0
1775092260,24191.25,24235,24154.25,24175.75,0,0,0,0,0,0
1775092320,24175.75,24180.75,24124,24129.75,0,0,0,0,0,0
1775092380,24133.5,24158.5,24130,24144.75,0,0,0,0,0,0
1775092440,24146.5,24157.75,24132.5,24141.25,0,0,0,0,0,0
1775092500,24139.75,24142.5,24110,24111.75,0,0,0,0,0,0
1775092560,24111.5,24148.75,24075,24094,0,0,0,0,0,0
1775092620,24097,24114.25,24035.75,24038,0,0,0,0,0,0
1775092680,24038,24058,24007,24012.25,0,0,0,0,0,0
1775092740,24012,24026.75,23981.5,23996.75,0,0,0,0,0,0
1775092800,23997,24038.5,23984,24036,0,0,0,0,0,0
1775092860,24038.75,24061.5,23987.75,23994.5,0,0,0,0,0,0
1775092920,23995,24013.75,23975.25,23990.75,0,0,0,0,0,0
1775092980,23991,24019,23984.5,24002.75,0,0,0,0,0,0
1775093040,24002.5,24008.25,23991,23996.25,0,0,0,0,0,0
1775093100,23994.5,24006.25,23962,23976.25,0,0,0,0,0,0
1775093160,23976.25,23987,23965.25,23977.5,0,0,0,0,0,0
1775093220,23973,23989.75,23963.25,23988.5,0,0,0,0,0,0
1775093280,23985,23996.25,23978.75,23994,0,0,0,0,0,0
1775093340,23994.5,24000,23973,23973,0,0,0,0,0,0
1775093400,23974.75,23978.75,23935.25,23940.25,0,0,0,0,0,0
1775093460,23940.5,23946.5,23916.5,23925.25,0,0,0,0,0,0
1775093520,23926.25,23932.75,23916,23929.75,0,0,0,0,0,0
1775093580,23929.5,23942,23915,23917.5,0,0,0,0,0,0
1775093640,23917.75,23943.25,23916,23942.25,0,0,0,0,0,0
1775093700,23941,23961.75,23941,23958.25,0,0,0,0,0,0
1775093760,23960.5,23974.75,23953.25,23960.5,0,0,0,0,0,0
1775093820,23962,23972,23954.75,23960,0,0,0,0,0,0
1775093880,23960.75,23971.5,23949.75,23953,0,0,0,0,0,0
1775093940,23952.25,23969.5,23938.25,23969.25,0,0,0,0,0,0
1775094000,23968.25,23976,23956.75,23964.5,0,0,0,0,0,0
1775094060,23966.25,23975.5,23957.75,23961,0,0,0,0,0,0
1775094120,23963.5,23974,23952,23957.25,0,0,0,0,0,0
1775094180,23954.75,23967.75,23950,23956.5,0,0,0,0,0,0
1775094240,23957.5,23967.25,23945,23950.75,0,0,0,0,0,0
1775094300,23948.75,23951.25,23930.5,23930.5,0,0,0,0,0,0
1775094360,23930.25,23943.5,23928.25,23938.25,0,0,0,0,0,0
1775094420,23936.25,23936.25,23914.25,23919.25,0,0,0,0,0,0
1775094480,23919.25,23940.25,23912.5,23933.5,0,0,0,0,0,0
1775094540,23932.75,23949.25,23930,23942.25,0,0,0,0,0,0
1775094600,23940.75,23948.5,23933.5,23946.5,0,0,0,0,0,0
1775094660,23945.5,23958.25,23945.25,23955,0,0,0,0,0,0
1775094720,23955.75,23960,23949.75,23952,0,0,0,0,0,0
1775094780,23955,23958.5,23944.5,23945.75,0,0,0,0,0,0
1775094840,23947,23949.25,23929.5,23944.5,0,0,0,0,0,0
1775094900,23944.75,23962.25,23937.5,23957.5,0,0,0,0,0,0
1775094960,23957,23962.25,23938,23939.25,0,0,0,0,0,0
1775095020,23939,23951.25,23933,23944.75,0,0,0,0,0,0
1775095080,23943.25,23953,23941.75,23942,0,0,0,0,0,0
1775095140,23942.75,23950.75,23938.5,23938.5,0,0,0,0,0,0
1775095200,23940.5,23951.5,23934.25,23946,0,0,0,0,0,0
1775095260,23943,23944.25,23932.75,23933.75,0,0,0,0,0,0
1775095320,23934.75,23946.25,23931.5,23945,0,0,0,0,0,0
1775095380,23942.75,23946.5,23936.75,23938.25,0,0,0,0,0,0
1775095440,23938.25,23946.5,23937.25,23943,0,0,0,0,0,0
1775095500,23944,23952,23934,23938,0,0,0,0,0,0
1775095560,23937.25,23956,23937.25,23955,0,0,0,0,0,0
1775095620,23955.25,23967,23953,23960.25,0,0,0,0,0,0
1775095680,23960.5,23961.75,23925,23925,0,0,0,0,0,0
1775095740,23925.75,23926.5,23911.5,23922.75,0,0,0,0,0,0
1775095800,23922,23923.75,23908,23920,0,0,0,0,0,0
1775095860,23920,23922.75,23900,23902.75,0,0,0,0,0,0
1775095920,23904,23909.5,23890.75,23899.25,0,0,0,0,0,0
1775095980,23899.75,23900.5,23888.25,23892,0,0,0,0,0,0
1775096040,23891.5,23892.5,23862,23874.25,0,0,0,0,0,0
1775096100,23875,23904.25,23873,23897.75,0,0,0,0,0,0
1775096160,23897.25,23903.25,23892.5,23892.5,0,0,0,0,0,0
1775096220,23893.25,23895.25,23884,23894.25,0,0,0,0,0,0
1775096280,23892.25,23899.25,23887.25,23896.75,0,0,0,0,0,0
1775096340,23898.25,23899,23887.5,23893,0,0,0,0,0,0
1775096400,23892.75,23893,23884.5,23885.5,0,0,0,0,0,0
1775096460,23886.5,23890,23879.5,23886.25,0,0,0,0,0,0
1775096520,23886,23890,23881,23882,0,0,0,0,0,0
1775096580,23883,23886.5,23874.75,23877,0,0,0,0,0,0
1775096640,23877.75,23894.25,23874.25,23890.25,0,0,0,0,0,0
1775096700,23890,23892.5,23885.25,23886.5,0,0,0,0,0,0
1775096760,23884.75,23884.75,23869.5,23872.25,0,0,0,0,0,0
1775096820,23871.25,23878.75,23870.25,23875.5,0,0,0,0,0,0
1775096880,23876.5,23883.5,23872.25,23874.75,0,0,0,0,0,0
1775096940,23873.75,23875.25,23866,23868,0,0,0,0,0,0
1775097000,23868.25,23880.25,23864,23874.25,0,0,0,0,0,0
1775097060,23874.75,23874.75,23864.25,23868.25,0,0,0,0,0,0
1775097120,23870,23870,23860.25,23866.25,0,0,0,0,0,0
1775097180,23866,23877,23861,23874.25,0,0,0,0,0,0
1775097240,23873.75,23879.5,23866.75,23878.25,0,0,0,0,0,0
1775097300,23881,23884.5,23872.25,23880.75,0,0,0,0,0,0
1775097360,23879.5,23880.25,23871,23874,0,0,0,0,0,0
1775097420,23874.5,23874.5,23857.25,23859.75,0,0,0,0,0,0
1775097480,23860,23876.5,23856,23869,0,0,0,0,0,0
1775097540,23869.75,23869.75,23858,23861,0,0,0,0,0,0
1775097600,23861.25,23869.75,23857,23868.75,0,0,0,0,0,0
1775097660,23869.5,23870.5,23860.5,23868,0,0,0,0,0,0
1775097720,23867.5,23873,23865,23869.25,0,0,0,0,0,0
1775097780,23871.5,23872.75,23861,23866.75,0,0,0,0,0,0
1775097840,23866.75,23875.5,23865,23872.5,0,0,0,0,0,0
1775097900,23871.25,23886.5,23869.5,23879.75,0,0,0,0,0,0
1775097960,23879.5,23887.25,23877,23886.5,0,0,0,0,0,0
1775098020,23884.75,23884.75,23872.25,23872.25,0,0,0,0,0,0
1775098080,23875,23876,23863.25,23869.25,0,0,0,0,0,0
1775098140,23868,23873.25,23865.5,23871.75,0,0,0,0,0,0
1775098200,23871.75,23879.75,23869.5,23877.75,0,0,0,0,0,0
1775098260,23878.5,23882,23873.25,23877.5,0,0,0,0,0,0
1775098320,23877,23888.75,23877,23886.5,0,0,0,0,0,0
1775098380,23886.25,23886.25,23875.5,23876,0,0,0,0,0,0
1775098440,23878.25,23881.5,23876.25,23878.75,0,0,0,0,0,0
1775098500,23879.75,23887.25,23879.75,23885.5,0,0,0,0,0,0
1775098560,23885,23888.5,23877.5,23880.75,0,0,0,0,0,0
1775098620,23880.75,23890,23880.75,23889.75,0,0,0,0,0,0
1775098680,23890,23894.75,23884.5,23884.75,0,0,0,0,0,0
1775098740,23885.5,23889.75,23884,23884.75,0,0,0,0,0,0
1775098800,23885.5,23885.5,23872.5,23874,0,0,0,0,0,0
1775098860,23876,23877,23865,23865,0,0,0,0,0,0
1775098920,23866.5,23867.75,23856.5,23857.5,0,0,0,0,0,0
1775098980,23858.25,23861.5,23851.75,23858.75,0,0,0,0,0,0
1775099040,23858,23869.5,23858,23861.75,0,0,0,0,0,0
1775099100,23861.75,23873,23859.25,23867.75,0,0,0,0,0,0
1775099160,23867.5,23877.5,23866.5,23872.5,0,0,0,0,0,0
1775099220,23872.75,23876,23870,23870.75,0,0,0,0,0,0
1775099280,23868.75,23877,23868.25,23876.5,0,0,0,0,0,0
1775099340,23876,23876,23867.25,23871.75,0,0,0,0,0,0
1775099400,23870.75,23872,23863,23869.5,0,0,0,0,0,0
1775099460,23869,23874.25,23868.25,23870.25,0,0,0,0,0,0
1775099520,23872,23875.5,23868,23874.75,0,0,0,0,0,0
1775099580,23875.25,23877.25,23873,23874,0,0,0,0,0,0
1775099640,23875,23876,23872,23872,0,0,0,0,0,0
1775099700,23872.75,23884.25,23872,23880.5,0,0,0,0,0,0
1775099760,23879.5,23879.75,23872.75,23879.75,0,0,0,0,0,0
1775099820,23878.75,23878.75,23870.75,23876.75,0,0,0,0,0,0
1775099880,23877.25,23884.5,23876.5,23876.5,0,0,0,0,0,0
1775099940,23877.75,23882.75,23877.75,23879.75,0,0,0,0,0,0
1775100000,23879.75,23879.75,23872.5,23876.25,0,0,0,0,0,0
1775100060,23874.75,23886.25,23872.5,23885.75,0,0,0,0,0,0
1775100120,23886,23886,23880,23885,0,0,0,0,0,0
1775100180,23884.25,23891.25,23882.75,23885,0,0,0,0,0,0
1775100240,23885.25,23893.75,23885,23892.5,0,0,0,0,0,0
1775100300,23893.5,23894.75,23888,23889.5,0,0,0,0,0,0
1775100360,23889.5,23892.75,23888.5,23891.75,0,0,0,0,0,0
1775100420,23891,23891,23878,23880,0,0,0,0,0,0
1775100480,23881,23882,23877.75,23881.5,0,0,0,0,0,0
1775100540,23881.5,23881.5,23876.25,23879.75,0,0,0,0,0,0
1775100600,23879.5,23879.5,23870,23878.5,0,0,0,0,0,0
1775100660,23877.5,23884.75,23872,23872.25,0,0,0,0,0,0
1775100720,23874.75,23878,23865.25,23874,0,0,0,0,0,0
1775100780,23872,23873,23862.75,23864,0,0,0,0,0,0
1775100840,23863,23877,23863,23869.5,0,0,0,0,0,0
1775100900,23868.5,23872.5,23863.25,23867.25,0,0,0,0,0,0
1775100960,23869.25,23870.75,23864,23866,0,0,0,0,0,0
1775101020,23867.5,23868.25,23853.5,23854.75,0,0,0,0,0,0
1775101080,23854.5,23858,23839.25,23842.25,0,0,0,0,0,0
1775101140,23844.75,23853.5,23842.75,23849.25,0,0,0,0,0,0
1775101200,23847.25,23847.25,23835.5,23837.25,0,0,0,0,0,0
1775101260,23838.25,23839.5,23834.5,23836.75,0,0,0,0,0,0
1775101320,23837.75,23838.75,23828,23836.5,0,0,0,0,0,0
1775101380,23836.75,23858.75,23836.25,23856.5,0,0,0,0,0,0
1775101440,23857,23857,23841.5,23846.25,0,0,0,0,0,0
1775101500,23846.5,23848.25,23836.25,23838.25,0,0,0,0,0,0
1775101560,23837.5,23841.75,23832,23841,0,0,0,0,0,0
1775101620,23842,23844,23837.75,23842,0,0,0,0,0,0
1775101680,23842,23844.25,23835.25,23835.75,0,0,0,0,0,0
1775101740,23835.25,23835.75,23826,23827.25,0,0,0,0,0,0
1775101800,23827.5,23830,23820.25,23828.75,0,0,0,0,0,0
1775101860,23828.25,23835.25,23821,23824.75,0,0,0,0,0,0
1775101920,23825.25,23825.75,23817,23825.25,0,0,0,0,0,0
1775101980,23826.5,23828.75,23822.75,23826.5,0,0,0,0,0,0
1775102040,23825.5,23825.75,23818.5,23820.25,0,0,0,0,0,0
1775102100,23818.25,23827,23818.25,23825,0,0,0,0,0,0
1775102160,23824.25,23824.25,23815,23817.75,0,0,0,0,0,0
1775102220,23816.5,23824.5,23815,23822.75,0,0,0,0,0,0
1775102280,23822.25,23824,23816,23821.5,0,0,0,0,0,0
1775102340,23821.25,23826.25,23820.25,23821.5,0,0,0,0,0,0
1775102400,23821.75,23832,23821.75,23827.75,0,0,0,0,1,0
1775102460,23828.25,23834.25,23828.25,23830.5,0,0,0,0,0,0
1775102520,23829.75,23838,23827.25,23828.25,0,0,0,0,0,0
1775102580,23828.25,23833,23825,23827,0,0,0,0,0,0
1775102640,23828,23830.5,23824.75,23827.5,0,0,0,0,0,0
1775102700,23828,23829,23809.25,23814.75,0,0,0,0,0,0
1775102760,23815.5,23817.75,23809.5,23814.5,0,0,0,0,0,0
1775102820,23814.25,23820,23811.75,23813.75,0,0,0,0,0,0
1775102880,23814,23815,23811,23814.75,0,0,0,0,0,0
1775102940,23814.75,23820.25,23814.75,23819.25,0,0,0,0,0,0
1775103000,23818.25,23818.25,23812.75,23813.25,0,0,0,0,0,0
1775103060,23814.5,23821.5,23813.5,23817.25,0,0,0,0,0,0
1775103120,23817.5,23819.75,23812.5,23815.75,0,0,0,0,0,0
1775103180,23815.75,23833.25,23815.75,23820.5,0,0,0,0,0,0
1775103240,23820.75,23822.5,23818.5,23821.75,0,0,0,0,0,0
1775103300,23822.75,23839.25,23822.75,23833.25,0,0,0,0,0,0
1775103360,23831.75,23839.5,23831.75,23835.5,0,0,0,0,0,0
1775103420,23836.25,23838.25,23835,23838,0,0,0,0,0,0
1775103480,23838.5,23841.25,23830.75,23830.75,0,0,0,0,0,0
1775103540,23832,23833,23828.5,23833,0,0,0,0,0,0
1775103600,23830.75,23834,23825.75,23830.5,0,0,0,0,0,0
1775103660,23830.5,23830.5,23823.5,23824.75,0,0,0,0,0,0
1775103720,23827.5,23828,23818.25,23820,0,0,0,0,0,0
1775103780,23819.75,23824.25,23818,23820,0,0,0,0,0,0
1775103840,23817.75,23823.5,23817.75,23823.5,0,0,0,0,0,0
1775103900,23821.25,23824,23820.75,23822,0,0,0,0,0,0
1775103960,23822.75,23822.75,23817.75,23821.25,0,0,0,0,0,0
1775104020,23822,23824.75,23816.25,23817,0,0,0,0,0,0
1775104080,23816.75,23818,23812.25,23815.5,0,0,0,0,0,0
1775104140,23816.25,23819.5,23812.75,23819,0,0,0,0,0,0
1775104200,23819,23823.5,23814.5,23819.75,0,0,0,0,0,0
1775104260,23820.5,23828.5,23817.75,23822.75,0,0,0,0,0,0
1775104320,23821.75,23824.5,23818.75,23824.5,0,0,0,0,0,0
1775104380,23823,23826.5,23819,23820,0,0,0,0,0,0
1775104440,23820.5,23820.5,23813.75,23819,0,0,0,0,0,0
1775104500,23818.75,23819.5,23815.5,23815.5,0,0,0,0,0,0
1775104560,23815,23815,23804.75,23805.25,0,0,0,0,0,0
1775104620,23805.5,23813,23805.25,23809.5,0,0,0,0,0,0
1775104680,23809,23810.5,23804,23810,0,0,0,0,0,0
1775104740,23811,23811.25,23806.5,23808,0,0,0,0,0,0
1775104800,23807,23809.25,23802.25,23804,0,0,0,0,0,0
1775104860,23804,23804.5,23800.25,23802.5,0,0,0,0,0,0
1775104920,23802,23807,23801,23805.75,0,0,0,0,0,0
1775104980,23806.25,23814,23805.25,23809.5,0,0,0,0,0,0
1775105040,23809.75,23814.5,23809.75,23813.75,0,0,0,0,0,0
1775105100,23812.5,23818.25,23808.75,23816,0,0,0,0,0,0
1775105160,23817.25,23818.75,23811.75,23812.5,0,0,0,0,0,0
1775105220,23812.25,23815,23803,23806,0,0,0,0,0,0
1775105280,23805.5,23807.25,23803,23807.25,0,0,0,0,0,0
1775105340,23805.5,23810.5,23803.75,23807.75,0,0,0,0,0,0
1775105400,23809.25,23813.25,23808.5,23810.5,0,0,0,0,0,0
1775105460,23811,23812.25,23805,23806.5,0,0,0,0,0,0
1775105520,23806.5,23807.5,23801.25,23807.25,0,0,0,0,0,0
1775105580,23807,23807,23795.75,23796.25,0,0,0,0,0,0
1775105640,23796.5,23799.25,23795,23795.25,0,0,0,0,0,0
1775105700,23797,23799,23796.25,23796.75,0,0,0,0,0,0
1775105760,23797.5,23805.5,23796,23801,0,0,0,0,0,0
1775105820,23801,23809.25,23800,23807.75,0,0,0,0,0,0
1775105880,23807.75,23809,23803,23809,0,0,0,0,0,0
1775105940,23806.25,23807,23803,23803,0,0,0,0,0,0
1775106000,23805.25,23816.25,23805.25,23815.5,0,0,0,0,0,0
1775106060,23813.5,23823.5,23811.75,23822.5,0,0,0,0,0,0
1775106120,23824,23826,23814.25,23816.75,0,0,0,0,0,0
1775106180,23816.5,23819,23814.25,23815.75,0,0,0,0,0,0
1775106240,23815.5,23818.75,23810.75,23812.25,0,0,0,0,0,0
1775106300,23813,23817.5,23809.75,23812.5,0,0,0,0,0,0
1775106360,23812,23820.75,23811.75,23815,0,0,0,0,0,0
1775106420,23816,23820,23812,23816.75,0,0,0,0,0,0
1775106480,23818.75,23819,23810.5,23813.75,0,0,0,0,0,0
1775106540,23812.25,23812.25,23805,23809.75,0,0,0,0,0,0
1775106600,23810.5,23810.75,23807.25,23808.75,0,0,0,0,0,0
1775106660,23810,23811.75,23804,23805.5,0,0,0,0,0,0
1775106720,23805.25,23819.25,23805.25,23818.25,0,0,0,0,0,0
1775106780,23818,23818,23808.5,23811.5,0,0,0,0,0,0
1775106840,23809,23811,23802.75,23807.25,0,0,0,0,0,0
1775106900,23805.75,23812.75,23805.75,23811,0,0,0,0,0,0
1775106960,23810.25,23815.25,23805.75,23807.75,0,0,0,0,0,0
1775107020,23807.5,23807.5,23802.25,23804.5,0,0,0,0,0,0
1775107080,23803.75,23803.75,23798.5,23800,0,0,0,0,0,0
1775107140,23801.5,23803,23800.25,23802.75,0,0,0,0,0,0
1775107200,23801,23809.25,23801,23805.5,0,0,0,0,0,0
1775107260,23806,23807,23795.5,23800.75,0,0,0,0,0,0
1775107320,23802,23804.5,23800,23800,0,0,0,0,0,0
1775107380,23801.5,23810,23801.5,23805.25,0,0,0,0,0,0
1775107440,23804.25,23805,23801.75,23802,0,0,0,0,0,0
1775107500,23802,23802.75,23793.25,23798.5,0,0,0,0,0,0
1775107560,23797.5,23805,23796.75,23804.75,0,0,0,0,0,0
1775107620,23805.75,23811.25,23804.75,23805.75,0,0,0,0,0,0